vehicle_id,manufacturer,model,battery_capacity_kwh,usable_capacity_kwh,max_charging_power_kw,consumption_kwh_per_100km,arrival_hour,departure_hour,initial_soc,daily_distance_km,energy_needed_kwh,target_soc
EV_001,Opel,Corsa-e,50.0,46.3,11.0,15.3,9.0,17.22,0.294,59.7,9.14,0.591
EV_002,Renault,Megane E-Tech,60.0,57.0,22.0,15.5,10.0,17.31,0.4,36.1,5.59,0.598
EV_003,Renault,Megane E-Tech,60.0,57.0,22.0,15.5,7.92,16.45,0.515,41.4,6.42,0.728
EV_004,Renault,Megane E-Tech,60.0,57.0,22.0,15.5,7.58,17.54,0.44,43.6,6.76,0.658
EV_005,Opel,Corsa-e,50.0,46.3,11.0,15.3,7.59,15.0,0.32,72.0,11.01,0.658
EV_006,Opel,Corsa-e,50.0,46.3,11.0,15.3,8.27,17.45,0.716,55.3,8.47,0.9
EV_007,Opel,Corsa-e,50.0,46.3,11.0,15.3,7.9,19.39,0.464,54.4,8.32,0.744
EV_008,Tesla,Model 3 SR,55.0,52.5,11.0,14.0,7.86,19.76,0.304,55.6,7.78,0.552
EV_009,Kia,EV6 LR,77.4,74.0,11.0,16.8,9.32,15.06,0.528,53.1,8.93,0.749
EV_010,Opel,Corsa-e,50.0,46.3,11.0,15.3,6.54,15.0,0.756,34.3,5.25,0.9
EV_011,Renault,Megane E-Tech,60.0,57.0,22.0,15.5,7.49,15.0,0.414,61.6,9.55,0.682
EV_012,Tesla,Model 3 SR,55.0,52.5,11.0,14.0,7.96,15.0,0.378,60.8,8.52,0.64
EV_013,Tesla,Model 3 SR,55.0,52.5,11.0,14.0,7.82,18.72,0.663,65.5,9.17,0.9
EV_014,Tesla,Model 3 SR,55.0,52.5,11.0,14.0,9.43,17.92,0.749,59.0,8.25,0.9
EV_015,Opel,Corsa-e,50.0,46.3,11.0,15.3,6.99,19.7,0.395,47.3,7.24,0.652
EV_016,Opel,Corsa-e,50.0,46.3,11.0,15.3,8.09,15.0,0.537,59.6,9.11,0.834
EV_017,Opel,Corsa-e,50.0,46.3,11.0,15.3,8.86,16.21,0.663,55.4,8.48,0.9
EV_018,Renault,Megane E-Tech,60.0,57.0,22.0,15.5,10.0,17.2,0.321,35.5,5.51,0.518
EV_019,Tesla,Model 3 SR,55.0,52.5,11.0,14.0,7.08,19.58,0.35,63.6,8.9,0.619
EV_020,Opel,Corsa-e,50.0,46.3,11.0,15.3,8.52,15.0,0.766,52.9,8.09,0.9
EV_021,Renault,Megane E-Tech,60.0,57.0,22.0,15.5,7.69,16.5,0.682,63.7,9.88,0.9
EV_022,Opel,Corsa-e,50.0,46.3,11.0,15.3,8.83,19.43,0.395,46.9,7.17,0.649
EV_023,Renault,Megane E-Tech,60.0,57.0,22.0,15.5,8.19,18.85,0.456,46.2,7.15,0.682
EV_024,Opel,Corsa-e,50.0,46.3,11.0,15.3,8.13,15.0,0.299,34.7,5.31,0.514
EV_025,Kia,EV6 LR,77.4,74.0,11.0,16.8,7.08,16.66,0.766,44.9,7.54,0.9
EV_026,Kia,EV6 LR,77.4,74.0,11.0,16.8,7.7,18.1,0.442,28.1,4.72,0.606
EV_027,Tesla,Model 3 SR,55.0,52.5,11.0,14.0,8.48,15.0,0.222,33.9,4.75,0.413
EV_028,Renault,Megane E-Tech,60.0,57.0,22.0,15.5,7.51,17.37,0.22,55.2,8.55,0.47
EV_029,Renault,Megane E-Tech,60.0,57.0,22.0,15.5,8.31,18.1,0.791,49.5,7.67,0.9
EV_030,Tesla,Model 3 SR,55.0,52.5,11.0,14.0,7.33,15.97,0.422,52.5,7.35,0.662
EV_031,Renault,Megane E-Tech,60.0,57.0,22.0,15.5,7.7,20.0,0.521,71.1,11.02,0.815
EV_032,Renault,Megane E-Tech,60.0,57.0,22.0,15.5,9.89,16.61,0.505,55.7,8.63,0.756
EV_033,Renault,Megane E-Tech,60.0,57.0,22.0,15.5,8.6,16.49,0.587,26.7,4.14,0.76
EV_034,Renault,Megane E-Tech,60.0,57.0,22.0,15.5,8.57,17.21,0.511,59.3,9.18,0.772
EV_035,Kia,EV6 LR,77.4,74.0,11.0,16.8,8.11,15.73,0.596,44.6,7.5,0.797
EV_036,Tesla,Model 3 SR,55.0,52.5,11.0,14.0,9.06,17.53,0.356,55.7,7.79,0.605
EV_037,Opel,Corsa-e,50.0,46.3,11.0,15.3,8.76,19.06,0.636,31.4,4.81,0.839
EV_038,Renault,Megane E-Tech,60.0,57.0,22.0,15.5,7.18,16.93,0.733,66.0,10.23,0.9
EV_039,Renault,Megane E-Tech,60.0,57.0,22.0,15.5,8.73,19.19,0.615,52.6,8.16,0.858
EV_040,Renault,Megane E-Tech,60.0,57.0,22.0,15.5,7.28,17.49,0.307,44.3,6.86,0.528
EV_041,Opel,Corsa-e,50.0,46.3,11.0,15.3,9.46,18.33,0.256,62.3,9.54,0.562
EV_042,Kia,EV6 LR,77.4,74.0,11.0,16.8,10.0,15.0,0.554,60.8,10.22,0.792
EV_043,Renault,Megane E-Tech,60.0,57.0,22.0,15.5,9.38,17.02,0.502,68.1,10.56,0.787
EV_044,Renault,Megane E-Tech,60.0,57.0,22.0,15.5,9.04,19.2,0.338,55.9,8.67,0.59
EV_045,Renault,Megane E-Tech,60.0,57.0,22.0,15.5,7.43,18.46,0.209,46.6,7.23,0.436
EV_046,Renault,Megane E-Tech,60.0,57.0,22.0,15.5,9.21,18.71,0.543,20.8,3.23,0.7
EV_047,Renault,Megane E-Tech,60.0,57.0,22.0,15.5,8.05,19.05,0.39,65.7,10.18,0.669
EV_048,Opel,Corsa-e,50.0,46.3,11.0,15.3,8.16,15.0,0.707,25.7,3.93,0.891
EV_049,Tesla,Model 3 SR,55.0,52.5,11.0,14.0,7.62,17.81,0.726,50.9,7.12,0.9
EV_050,Kia,EV6 LR,77.4,74.0,11.0,16.8,7.36,18.4,0.378,76.7,12.88,0.652
